<?xml version="1.0" encoding="UTF-8"?>
<!DOCTYPE mapper PUBLIC "-//mybatis.org//DTD Mapper 3.0//EN" "http://mybatis.org/dtd/mybatis-3-mapper.dtd">
<mapper namespace="cn.jeefast.system.dao.SysApplayinfoDao">

	<!-- 通用query映射结果 -->
	<resultMap id="BaseResultMap" type="cn.jeefast.system.entity.SysApplayinfo">
		<id column="id" property="id" />
		<result column="name" property="name" />
		<result column="content" property="content" />
		<result column="sqsj" property="sqsj" />
		<result column="createtime" property="createtime" />
		<result column="updateime" property="updateime" />
		<result column="createuser" property="createuser" />
		<result column="updateuser" property="updateuser" />
		<result column="publicserviceid" property="publicserviceid" />
	</resultMap>
	<delete id="deleteBatch">
		delete from sys_applayinfo where id in
		<foreach item="applayinfoIds" collection="array" open="(" separator="," close=")">
			#{applayinfoIds}
		</foreach>
	</delete>
	<select id="queryPageList" resultType="cn.jeefast.system.entity.SysApplayinfo">
		select r.*,sd.name deptName,sp.name publicservicename   from sys_applayinfo r
		left join sys_dept sd
		on r.deptid = sd.dept_id
		left join sys_publicservice sp
		on r.publicserviceid = sp.id
		<where>
			<if test="name != null and name.trim() != ''">
				and r.`name` like concat('%',#{name},'%')
			</if>
		</where>
		order by r.updateime desc
	</select>

</mapper>
