<?xml version="1.0" encoding="UTF-8"?>
<!DOCTYPE mapper PUBLIC "-//mybatis.org//DTD Mapper 3.0//EN" "http://mybatis.org/dtd/mybatis-3-mapper.dtd">
<mapper namespace="cn.jeefast.system.dao.SysCarpositionDao">

	<!-- 通用query映射结果 -->
	<resultMap id="BaseResultMap" type="cn.jeefast.system.entity.SysCarposition">
		<id column="id" property="id" />
		<result column="numb" property="numb" />
		<result column="type" property="type" />
		<result column="usagestatus" property="usagestatus" />
		<result column="cost" property="cost" />
		<result column="bigtype" property="bigtype" />
		<result column="createtime" property="createtime" />
		<result column="updateime" property="updateime" />
		<result column="createuser" property="createuser" />
		<result column="updateuser" property="updateuser" />
		<result column="deptid" property="deptid" />
		<result column="username" property="username" />
	</resultMap>
	<delete id="deleteBatch">
		delete from sys_carposition where id in
		<foreach item="carpositionIds" collection="array" open="(" separator="," close=")">
			#{carpositionIds}
		</foreach>
	</delete>
	<select id="queryPageList" resultType="cn.jeefast.system.entity.SysCarposition">
		select r.*  from sys_carposition r
		<where>
			<if test="name != null and name.trim() != ''">
				and r.`name` like concat('%',#{name},'%')
			</if>
		</where>
		order by r.updateime desc
	</select>

</mapper>
