<?xml version="1.0" encoding="UTF-8"?>
<!DOCTYPE mapper PUBLIC "-//mybatis.org//DTD Mapper 3.0//EN" "http://mybatis.org/dtd/mybatis-3-mapper.dtd">
<mapper namespace="cn.jeefast.system.dao.SysChargeinfoDao">

	<!-- 通用query映射结果 -->
	<resultMap id="BaseResultMap" type="cn.jeefast.system.entity.SysChargeinfo">
		<id column="id" property="id" />
		<result column="deptid" property="deptid" />
		<result column="username" property="username" />
		<result column="cost" property="cost" />
		<result column="createtime" property="createtime" />
		<result column="updateime" property="updateime" />
		<result column="createuser" property="createuser" />
		<result column="updateuser" property="updateuser" />
		<result column="chargeid" property="chargeid" />
	</resultMap>
	<delete id="deleteBatch">
		delete from sys_chargeinfo where id in
		<foreach item="chargeinfoIds" collection="array" open="(" separator="," close=")">
			#{chargeinfoIds}
		</foreach>
	</delete>
	<select id="queryPageList" resultType="cn.jeefast.system.entity.SysChargeinfo">
		select r.*,sd.name deptName,su.realname  from sys_chargeinfo r
		left join sys_user su
		on r.username = su.username
		left join sys_dept sd
		on r.deptid = sd.dept_id
		<where>
			<if test="name != null and name.trim() != ''">
				and r.`name` like concat('%',#{name},'%')
			</if>
		</where>
		order by r.updateime desc
	</select>

</mapper>
