<?xml version="1.0" encoding="UTF-8"?>
<!DOCTYPE mapper PUBLIC "-//mybatis.org//DTD Mapper 3.0//EN" "http://mybatis.org/dtd/mybatis-3-mapper.dtd">
<mapper namespace="cn.jeefast.system.dao.SysLogDao">

	<!-- 通用query映射结果 -->
	<resultMap id="BaseResultMap" type="cn.jeefast.system.entity.SysLog">
		<id column="id" property="id" />
		<result column="username" property="username" />
		<result column="operation" property="operation" />
		<result column="method" property="method" />
		<result column="params" property="params" />
		<result column="time" property="time" />
		<result column="ip" property="ip" />
		<result column="create_date" property="createDate" />
	</resultMap>

    <select id="selectPageList" parameterType="map" resultType="SysLog">
		select * from sys_log 
		<where>
			<if test="key != null and key.trim() != ''">
				`username` like concat('%',#{key},'%') or `operation` like concat('%',#{key},'%')
			</if>
		</where>
		<choose>
			<when test="sidx != null and sidx.trim() != ''">
				order by ${sidx} ${order}
			</when>
			<otherwise>
				order by id desc 
			</otherwise>
		</choose>
	</select>
	
</mapper>
