<?xml version="1.0" encoding="UTF-8"?>
<!DOCTYPE mapper PUBLIC "-//mybatis.org//DTD Mapper 3.0//EN" "http://mybatis.org/dtd/mybatis-3-mapper.dtd">
<mapper namespace="cn.jeefast.system.dao.SysMaintainDao">

	<!-- 通用query映射结果 -->
	<resultMap id="BaseResultMap" type="cn.jeefast.system.entity.SysMaintain">
		<id column="id" property="id" />
		<result column="name" property="name" />
		<result column="content" property="content" />
		<result column="type" property="type" />
		<result column="createtime" property="createtime" />
		<result column="updateime" property="updateime" />
		<result column="createuser" property="createuser" />
		<result column="updateuser" property="updateuser" />
	</resultMap>
	<delete id="deleteBatch">
		delete from sys_maintain where id in
		<foreach item="maintainIds" collection="array" open="(" separator="," close=")">
			#{maintainIds}
		</foreach>
	</delete>
	<select id="queryPageList" resultType="cn.jeefast.system.entity.SysMaintain">
		select r.*,sd.name deptName  from sys_maintain r
		left join sys_dept sd
		on r.deptid = sd.dept_id
		<where>
			<if test="name != null and name.trim() != ''">
				and r.`name` like concat('%',#{name},'%')
			</if>
		</where>
		order by r.updateime desc
	</select>

</mapper>
