<?xml version="1.0" encoding="UTF-8"?>
<!DOCTYPE mapper PUBLIC "-//mybatis.org//DTD Mapper 3.0//EN" "http://mybatis.org/dtd/mybatis-3-mapper.dtd">
<mapper namespace="cn.jeefast.system.dao.SysMenuDao">

	<!-- 通用query映射结果 -->
	<resultMap id="BaseResultMap" type="cn.jeefast.system.entity.SysMenu">
		<id column="menu_id" property="menuId" />
		<result column="parent_id" property="parentId" />
		<result column="name" property="name" />
		<result column="url" property="url" />
		<result column="perms" property="perms" />
		<result column="type" property="type" />
		<result column="icon" property="icon" />
		<result column="order_num" property="orderNum" />
	</resultMap>

	<select id="queryListParentId" resultType="SysMenu">
		select * from sys_menu where parent_id = #{parentId} order by order_num asc 
	</select>
	
	<select id="queryNotButtonList" resultType="SysMenu">
		select * from sys_menu where type != 2 order by order_num asc 
	</select>
	
	<select id="queryList" resultType="SysMenu">
		select m.*,(select p.name from sys_menu p where p.menu_id = m.parent_id) as parentName 
			from sys_menu m
		<choose>
			<when test="sidx != null and sidx.trim() != ''">
				order by m.${sidx} ${order}
			</when>
			<otherwise>
				order by m.order_num asc
			</otherwise>
		</choose>
	</select>
	
	<!-- queryuser的权限列表 -->
	<select id="queryUserList" resultType="SysMenu">
		select distinct m.*,(select p.name from sys_menu p where p.menu_id = m.parent_id) as parentName
			from sys_user_role ur 
			LEFT JOIN sys_role_menu rm on ur.role_id = rm.role_id 
			LEFT JOIN sys_menu m on rm.menu_id = m.menu_id 
		where ur.user_id = #{userId} order by m.order_num asc
	</select>
	
	<delete id="deleteBatch">
		delete from sys_menu where menu_id in 
		<foreach item="menuId" collection="array" open="(" separator="," close=")">
			#{menuId}
		</foreach>
		;
		delete from sys_role_menu where menu_id in 
		<foreach item="menuId" collection="array" open="(" separator="," close=")">
			#{menuId}
		</foreach>
	</delete>
	
</mapper>
