<?xml version="1.0" encoding="UTF-8"?>
<!DOCTYPE mapper PUBLIC "-//mybatis.org//DTD Mapper 3.0//EN" "http://mybatis.org/dtd/mybatis-3-mapper.dtd">
<mapper namespace="cn.jeefast.system.dao.SysPjinfoDao">

	<!-- 通用query映射结果 -->
	<resultMap id="BaseResultMap" type="cn.jeefast.system.entity.SysPjinfo">
		<id column="id" property="id" />
		<result column="title" property="title" />
		<result column="content" property="content" />
		<result column="author" property="author" />
	</resultMap>
	<delete id="deleteBatch">
		delete from sys_pjinfo where id in
		<foreach item="pjinfoIds" collection="array" open="(" separator="," close=")">
			#{pjinfoIds}
		</foreach>
	</delete>
	<select id="queryPageList" resultType="cn.jeefast.system.entity.SysPjinfo">
		select r.* from sys_pjinfo r
		<where>
			r.prentid = '0'
		</where>
	</select>

</mapper>
