<?xml version="1.0" encoding="UTF-8"?>
<!DOCTYPE mapper PUBLIC "-//mybatis.org//DTD Mapper 3.0//EN" "http://mybatis.org/dtd/mybatis-3-mapper.dtd">
<mapper namespace="cn.jeefast.system.dao.SysPropertyDao">

	<!-- 通用query映射结果 -->
	<resultMap id="BaseResultMap" type="cn.jeefast.system.entity.SysProperty">
		<id column="id" property="id" />
		<result column="deptid" property="deptid" />
		<result column="name" property="name" />
		<result column="content" property="content" />
		<result column="peple" property="peple" />
		<result column="mobile" property="mobile" />
		<result column="cost" property="cost" />
		<result column="createtime" property="createtime" />
		<result column="updateime" property="updateime" />
		<result column="createuser" property="createuser" />
		<result column="updateuser" property="updateuser" />
	</resultMap>
	<delete id="deleteBatch">
		delete from sys_property where id in
		<foreach item="propertyIds" collection="array" open="(" separator="," close=")">
			#{propertyIds}
		</foreach>
	</delete>
	<select id="queryPageList" resultType="cn.jeefast.system.entity.SysProperty">
		select r.*  from sys_property r
		<where>
			<if test="name != null and name.trim() != ''">
				and r.`name` like concat('%',#{name},'%')
			</if>
		</where>
		order by r.updateime desc
	</select>

</mapper>
