<?xml version="1.0" encoding="UTF-8"?>
<!DOCTYPE mapper PUBLIC "-//mybatis.org//DTD Mapper 3.0//EN" "http://mybatis.org/dtd/mybatis-3-mapper.dtd">
<mapper namespace="cn.jeefast.system.dao.SysUserTokenDao">

	<!-- 通用query映射结果 -->
	<resultMap id="BaseResultMap" type="cn.jeefast.system.entity.SysUserToken">
		<id column="id" property="id" />
		<result column="user_id" property="userId" />
		<result column="token" property="token" />
		<result column="expire_time" property="expireTime" />
		<result column="update_time" property="updateTime" />
	</resultMap>
	
	<select id="queryByToken" resultType="SysUserToken">
		select * from sys_user_token where token = #{value}
	</select>
	
	

</mapper>
