<?xml version="1.0" encoding="UTF-8"?>
<!DOCTYPE mapper PUBLIC "-//mybatis.org//DTD Mapper 3.0//EN" "http://mybatis.org/dtd/mybatis-3-mapper.dtd">
<mapper namespace="cn.jeefast.system.dao.SysUserDao">

	<!-- 通用query映射结果 -->
	<resultMap id="BaseResultMap" type="cn.jeefast.system.entity.SysUser">
		<id column="user_id" property="userId" />
		<result column="username" property="username" />
		<result column="password" property="password" />
		<result column="salt" property="salt" />
		<result column="email" property="email" />
		<result column="mobile" property="mobile" />
		<result column="status" property="status" />
		<result column="dept_id" property="deptId" />
		<result column="create_time" property="createTime" />
		<result column="qq" property="qq" />
		<result column="idnumb" property="idnumb" />
		<result column="wxnub" property="wxnub" />
		<result column="birthday" property="birthday" />
		<result column="political" property="political" />
		<result column="ramark" property="ramark" />
		<result column="membership" property="membership" />
	</resultMap>
	
	<select id="queryPageList" resultType="SysUser">
		select u.*, (select d.name from sys_dept d where d.dept_id = u.dept_id) deptName from sys_user u
		<where>
			<if test="username != null and username.trim() != ''">
				and u.`username` like concat('%',#{username},'%')
			</if>
			<if test="user_id != null and user_id.trim() != ''">
				and u.`user_id` = #{user_id}
			</if>
			<if test="usernameParam != null and usernameParam.trim() != ''">
				and u.`username` = #{usernameParam}
			</if>
			<!--  数据过滤  -->
			${filterSql}
		</where>
		<choose>
			<when test="sidx != null and sidx.trim() != ''">
				order by u.${sidx} ${order}
			</when>
			<otherwise>
				order by u.user_id ASC
			</otherwise>
		</choose>
	</select>
	
	<select id="queryList" resultType="SysUser">
		select u.*, (select d.name from sys_dept d where d.dept_id = u.dept_id) deptName from sys_user u
		<where>
			<if test="username != null and username.trim() != ''">
				and u.`username` like concat('%',#{username},'%')
			</if>
			<!--  数据过滤  -->
			${filterSql}
		</where>
	</select>
	
	<!-- queryuser的所有权限 -->
	<select id="queryAllPerms" resultType="string">
		select m.perms from sys_user_role ur 
			LEFT JOIN sys_role_menu rm on ur.role_id = rm.role_id 
			LEFT JOIN sys_menu m on rm.menu_id = m.menu_id 
		where ur.user_id = #{userId}
	</select>
	
	<!-- queryuser的所有menuID -->
	<select id="queryAllMenuId" resultType="long">
		select distinct rm.menu_id from sys_user_role ur 
			LEFT JOIN sys_role_menu rm on ur.role_id = rm.role_id 
		where ur.user_id = #{userId}
	</select>
	
	<select id="queryByUserName" resultType="SysUser">
		select * from sys_user where username = #{username}
	</select>
	
	<delete id="deleteBatch">
		delete from sys_user where user_id in 
		<foreach item="userId" collection="array" open="(" separator="," close=")">
			#{userId}
		</foreach>
		;
		delete from sys_user_role where user_id in 
		<foreach item="userId" collection="array" open="(" separator="," close=")">
			#{userId}
		</foreach>
	</delete>
	

</mapper>
