<?xml version="1.0" encoding="UTF-8"?>
<!DOCTYPE mapper PUBLIC "-//mybatis.org//DTD Mapper 3.0//EN" "http://mybatis.org/dtd/mybatis-3-mapper.dtd">
<mapper namespace="cn.jeefast.modules.api.dao.TbTokenDao">

	<!-- 通用query映射结果 -->
	<resultMap id="BaseResultMap" type="cn.jeefast.modules.api.entity.TbToken">
		<id column="user_id" property="userId" />
		<result column="token" property="token" />
		<result column="expire_time" property="expireTime" />
		<result column="update_time" property="updateTime" />
	</resultMap>
	
	<select id="queryByUserId" resultType="cn.jeefast.modules.api.entity.TbToken">
		select * from tb_token where user_id = #{value}
	</select>

	<select id="queryByToken" resultType="cn.jeefast.modules.api.entity.TbToken">
		select * from tb_token where token = #{value}
	</select>

</mapper>
